date,pe,pb,bond10y,erp,pe_pct,pb_pct,erp_pct,sentiment,breadth,temp_2d,temp_4d,breadth_real,breadth_raw
2013-01-31,14.44,1.825,3.6054,0.03319807756232687,8.439490445859873,31.210191082802545,81.16883116883116,62.48407643312102,9.219745222929937,19.82484076433121,25.937567209860205,,
2013-02-28,14.44,1.818,3.5957,0.03329507756232688,8.439490445859873,30.4140127388535,81.4935064935065,62.1656050955414,9.219745222929937,19.426751592356688,25.657043593349325,,
2013-03-29,13.5,1.691,3.5392,0.03868207407407407,7.165605095541401,24.203821656050955,92.85714285714286,59.681528662420384,8.5828025477707,15.684713375796179,20.50113739763421,,
2013-04-26,13.05,1.622,3.4313,0.042315352490421454,5.414012738853503,18.471337579617835,97.07792207792207,57.388535031847134,7.707006369426752,11.94267515923567,17.47853420464886,,
2013-05-31,13.87,1.742,3.4399,0.03769905335255949,7.643312101910828,26.751592356687897,90.5844155844156,60.70063694267516,8.821656050955415,17.197452229299362,21.888369592191246,,
2013-06-28,11.77,1.532,3.5125,0.049836767204757854,1.5923566878980893,7.484076433121019,100.0,52.99363057324841,5.796178343949045,4.538216560509554,13.119426751592357,,
2013-07-31,12.11,1.574,3.7214,0.045362383154417846,2.388535031847134,13.375796178343949,99.67532467532467,55.35031847133758,6.194267515923567,7.882165605095541,14.770969476383492,,
2013-08-30,12.37,1.595,4.0354,0.04048674373484236,3.5031847133757963,15.286624203821656,95.45454545454545,56.11464968152866,6.751592356687898,9.394904458598726,16.755356108859292,,
2013-09-30,12.92,1.66,3.9954,0.03744538080495356,5.095541401273886,22.29299363057325,90.25974025974025,58.9171974522293,7.547770700636943,13.694267515923567,20.323351807428242,,
2013-10-31,12.14,1.582,4.1806,0.040566322899505756,2.8662420382165608,14.012738853503185,95.77922077922078,55.605095541401276,6.43312101910828,8.439490445859873,16.205724212093642,,
2013-11-29,12.71,1.652,4.3612,0.03506620613690007,4.45859872611465,21.019108280254777,86.36363636363636,58.40764331210191,7.229299363057325,12.738853503184714,21.039953676896353,,
2013-12-31,12.29,1.594,4.5518,0.03584896501220505,3.1847133757961785,14.64968152866242,87.01298701298701,55.859872611464965,6.592356687898089,8.9171974522293,19.061708991645297,,
2014-01-30,12.03,1.557,4.5019,0.03810651953449709,1.910828025477707,11.146496815286625,91.88311688311688,54.45859872611465,5.955414012738854,6.528662420382166,16.476466208950285,,
2014-02-28,12.11,1.568,4.4276,0.03830038315441784,2.388535031847134,12.101910828025478,92.20779220779221,54.840764331210195,6.194267515923567,7.245222929936306,16.718235586069984,,
2014-03-31,11.7,1.515,4.5004,0.04046608547008547,0.9554140127388535,6.687898089171974,95.12987012987013,52.67515923566879,5.477707006369426,3.821656050955414,14.23810902473323,,
2014-04-30,11.47,1.449,4.3002,0.04418195815170008,0.3184713375796179,4.140127388535031,98.05194805194806,51.65605095541401,5.159235668789809,2.229299363057325,12.616262718173544,,
2014-05-30,11.64,1.487,4.0714,0.0451966529209622,0.6369426751592357,5.7324840764331215,99.02597402597402,52.29299363057325,5.318471337579618,3.1847133757961785,12.769914798577222,,
2014-06-30,11.75,1.549,4.0612,0.0444943829787234,1.2738853503184715,10.191082802547772,98.7012987012987,54.07643312101911,5.6369426751592355,5.7324840764331215,14.052030771775996,,
2014-07-31,12.52,1.65,4.2655,0.03721720447284344,4.140127388535031,20.70063694267516,89.28571428571429,58.28025477707006,7.070063694267516,12.420382165605096,20.010464058234756,,
2014-08-29,12.48,1.619,4.2361,0.03776720512820512,3.821656050955414,16.878980891719745,90.9090909090909,56.7515923566879,6.9108280254777075,10.35031847133758,18.564852345107123,,
2014-09-30,13.42,1.733,3.9824,0.03469164828614009,6.687898089171974,26.43312101910828,84.74025974025975,60.57324840764331,8.343949044585987,16.56050955414013,23.329514434609976,,
2014-10-31,13.5,1.711,3.7559,0.03651507407407407,7.165605095541401,24.840764331210192,87.98701298701299,59.93630573248408,8.5828025477707,16.003184713375795,22.108673173959797,,
2014-11-28,14.76,1.866,3.5249,0.03250167750677507,9.394904458598727,33.43949044585987,78.8961038961039,63.37579617834395,9.697452229299364,21.417197452229296,27.370977748366286,,
2014-12-31,17.28,2.163,3.6219,0.021651370370370362,24.522292993630572,96.81528662420382,13.96103896103896,88.72611464968153,17.261146496815286,60.6687898089172,65.20977748366283,,
2015-01-30,17.37,2.17,3.5019,0.022551523891767407,25.796178343949045,97.13375796178345,16.233766233766232,88.85350318471339,17.898089171974522,61.46496815286625,64.91967904706759,,
2015-02-27,18.19,2.254,3.3745,0.02123026113249038,31.369426751592357,97.45222929936305,12.987012987012985,88.98089171974522,20.68471337579618,64.41082802547771,67.3602655306477,,
2015-03-31,21.34,2.543,3.6483,0.010377356138706655,45.85987261146497,99.04458598726114,1.2987012987012987,89.61783439490446,27.929936305732486,72.45222929936305,74.85561254032592,,
2015-04-30,24.94,2.878,3.3503,0.006593230954290298,99.36305732484077,99.36305732484077,0.974025974025974,89.74522292993632,54.681528662420384,99.36305732484077,88.40205972371577,,
2015-05-29,27.14,3.132,3.5954,0.0008919837877671352,100.0,100.0,0.3246753246753247,90.0,55.0,100.0,88.9025974025974,,
2015-06-30,25.44,2.999,3.5976,0.003332176100628928,99.68152866242038,99.68152866242038,0.6493506493506493,89.87261146496814,54.84076433121019,99.68152866242038,88.65232856315657,,
2015-07-31,21.44,2.536,3.4752,0.011889791044776117,46.81528662420382,98.72611464968153,1.948051948051948,89.49044585987261,28.40764331210191,72.77070063694268,74.82641244106212,,
2015-08-31,18.37,2.137,3.3252,0.02118458138268916,33.43949044585987,96.4968152866242,12.662337662337661,88.59872611464968,21.719745222929934,64.96815286624204,67.75543882868723,,
2015-09-30,17.62,2.044,3.2362,0.024391688989784333,27.070063694267514,93.31210191082803,17.532467532467532,87.32484076433121,18.53503184713376,60.191082802547776,63.96955910331707,,
2015-10-30,20.43,2.268,3.06,0.018347626040137052,42.038216560509554,97.77070063694268,10.064935064935066,89.10828025477707,26.019108280254777,69.90445859872611,70.97733476714367,,
2015-11-30,21.43,2.346,3.0404,0.016259555762949136,46.496815286624205,98.08917197452229,7.792207792207792,89.23566878980893,28.248407643312103,72.29299363057325,72.84705103813386,,
2015-12-31,23.12,2.493,2.8212,0.015040595155709338,99.04458598726114,98.40764331210191,6.1688311688311686,89.36305732484077,54.52229299363057,98.72611464968153,86.54425510794937,,
2016-01-29,17.56,1.871,2.8419,0.028528608200455587,26.751592356687897,33.917197452229296,26.2987012987013,63.566878980891715,18.375796178343947,30.3343949044586,47.59924311357432,,
2016-02-29,17.22,1.825,2.8502,0.02957000929152149,24.203821656050955,31.210191082802545,73.37662337662337,62.48407643312102,17.101910828025478,27.70700636942675,32.21631235007032,,
2016-03-31,19.51,2.037,2.8419,0.02283676627370579,36.78343949044586,92.03821656050955,16.558441558441558,86.81528662420382,23.39171974522293,64.41082802547771,66.3971172139962,,
2016-04-29,19.7,1.972,2.8913,0.021848421319796953,37.738853503184714,89.171974522293,14.935064935064934,85.66878980891721,23.869426751592357,63.455414012738856,66.46374803540408,,
2016-05-31,19.74,1.967,2.9851,0.02080756129685917,38.853503184713375,88.85350318471338,12.012987012987013,85.54140127388536,24.426751592356688,63.853503184713375,67.54578542476632,,
2016-06-30,19.86,2.042,2.8411,0.021941467270896277,39.490445859872615,92.99363057324841,15.259740259740258,87.19745222929936,24.745222929936308,66.24203821656052,67.68322441889322,,
2016-07-29,20.17,2.041,2.7768,0.02181058205255329,41.40127388535032,92.67515923566879,14.61038961038961,87.07006369426752,25.70063694267516,67.03821656050955,68.28248821242452,,
2016-08-31,21.31,2.069,2.7425,0.01950132566870014,45.54140127388535,94.26751592356688,10.714285714285714,87.70700636942675,27.770700636942674,69.90445859872611,70.85259326660601,,
2016-09-30,20.99,2.026,2.7258,0.020383734159123392,42.99363057324841,91.40127388535032,11.363636363636363,86.56050955414014,26.496815286624205,67.19745222929936,69.36160972785177,,
2016-10-31,20.81,2.021,2.7425,0.02062882027871216,42.35668789808918,90.60509554140127,11.688311688311687,86.2420382165605,26.17834394904459,66.48089171974522,68.92185044255108,,
2016-11-30,21.67,2.099,2.9502,0.016644746654360866,97.77070063694268,96.17834394904459,8.116883116883116,88.47133757961784,53.88535031847134,96.97452229299364,85.12862933245098,,
2016-12-30,20.97,2.017,3.0115,0.017572172150691467,42.675159235668794,90.12738853503186,9.415584415584416,86.05095541401275,26.337579617834397,66.40127388535032,69.5734138472992,,
2017-01-26,21.24,2.022,3.3465,0.013615979284369126,44.745222929936304,91.0828025477707,3.2467532467532463,86.43312101910828,27.372611464968152,67.9140127388535,72.16132434444536,,
2017-02-28,21.46,2.072,3.2921,0.013677322460391425,47.13375796178344,94.5859872611465,3.571428571428571,87.8343949044586,28.56687898089172,70.85987261146497,73.46678798908097,,
2017-03-31,21.0,2.039,3.2828,0.01479104761904762,43.31210191082803,92.35668789808918,5.51948051948052,86.94267515923568,26.656050955414013,67.8343949044586,71.41421953842337,,
2017-04-28,19.7,1.964,3.4668,0.01609342131979695,37.738853503184714,88.37579617834395,7.467532467532467,85.35031847133757,23.869426751592357,63.05732484076433,68.52088675655554,,
2017-05-31,19.18,1.927,3.6102,0.016035643378519294,35.03184713375796,86.30573248407643,7.142857142857142,84.52229299363057,22.51592356687898,60.6687898089172,67.46542311191993,,
2017-06-30,19.73,2.051,3.5683,0.015001237202230108,38.53503184713376,93.94904458598727,5.844155844155844,87.57961783439491,24.26751592356688,66.24203821656052,70.48879146331375,,
2017-07-31,20.0,2.073,3.626,0.013740000000000002,40.12738853503185,94.90445859872611,4.220779220779221,87.96178343949045,25.063694267515924,67.51592356687898,71.5936388452312,,
2017-08-31,19.99,2.074,3.6265,0.013760012506253132,39.80891719745223,95.22292993630573,4.545454545454546,88.08917197452229,24.904458598726116,67.51592356687898,71.48986682107702,,
2017-09-29,20.14,2.085,3.6136,0.013516432969215487,41.082802547770704,95.85987261146497,2.922077922077922,88.343949044586,25.541401273885352,68.47133757961784,72.44184796095624,,
2017-10-31,19.51,2.048,3.8917,0.012338766273705788,36.78343949044586,93.63057324840764,2.272727272727273,87.45222929936307,23.39171974522293,65.20700636942675,71.04907353792704,,
2017-11-30,19.0,1.989,3.8901,0.01373057894736842,34.71337579617834,89.80891719745223,3.896103896103896,85.92356687898089,22.35668789808917,62.261146496815286,69.16556373562743,,
2017-12-29,19.39,2.021,3.8807,0.01276597576070139,35.98726114649681,90.60509554140127,2.5974025974025974,86.2420382165605,22.993630573248407,63.29617834394904,70.05676648192572,,
2018-01-31,20.06,2.081,3.914,0.01071044865403789,40.445859872611464,95.54140127388536,1.6233766233766231,88.21656050955414,25.222929936305732,67.99363057324841,72.5989742741335,,
2018-02-28,18.93,1.964,3.8202,0.014624201796090863,34.394904458598724,88.37579617834395,4.870129870129871,85.35031847133757,22.197452229299362,61.38535031847134,68.46412027462983,,
2018-03-30,18.25,1.919,3.7407,0.017387520547945207,32.1656050955414,85.35031847133759,9.090909090909092,84.14012738853503,21.0828025477707,58.7579617834395,65.94470179502026,,
2018-04-27,17.35,1.839,3.6364,0.021272887608069162,25.0,32.1656050955414,13.636363636363635,62.86624203821656,17.5,28.5828025477707,50.55718008106543,,
2018-05-31,17.13,1.841,3.6129,0.022248116170461185,23.248407643312103,32.48407643312102,15.584415584415584,62.99363057324841,16.624203821656053,27.866242038216562,49.60811481512118,,
2018-06-29,15.52,1.723,3.4756,0.029676989690721654,11.464968152866243,26.11464968152866,73.7012987012987,60.445859872611464,10.73248407643312,18.78980891719745,27.762221854578545,,
2018-07-31,15.54,1.719,3.4812,0.029538064350064355,11.78343949044586,25.796178343949045,73.05194805194806,60.318471337579616,10.891719745222929,18.78980891719745,27.963396476135326,,
2018-08-31,14.2,1.583,3.5751,0.03467153521126761,7.961783439490445,14.331210191082802,84.4155844155844,55.732484076433124,8.980891719745223,11.146496815286623,20.961948879146334,,
2018-09-28,14.55,1.622,3.6153,0.032575522336769754,8.9171974522293,18.471337579617835,79.22077922077922,57.388535031847134,9.45859872611465,13.694267515923567,23.71147324013566,,
2018-10-31,13.26,1.444,3.5086,0.040328781297134235,5.7324840764331215,3.821656050955414,94.48051948051948,51.52866242038217,7.86624203821656,4.777070063694268,14.967946066672184,,
2018-11-30,13.33,1.451,3.355,0.04146875468867217,6.050955414012739,4.617834394904459,96.42857142857143,51.847133757961785,8.02547770700637,5.334394904458598,14.646269335759781,,
2018-12-28,12.89,1.407,3.2315,0.04526451900698215,4.777070063694268,1.5923566878980893,99.35064935064936,50.63694267515923,7.388535031847134,3.1847133757961785,12.755314748945318,,
2019-01-31,13.37,1.437,3.1037,0.043757315632011975,6.369426751592357,3.1847133757961785,97.72727272727273,51.27388535031847,8.184713375796179,4.777070063694268,14.006658946149393,,
2019-02-28,16.11,1.657,3.1731,0.03034224643078834,14.64968152866242,21.656050955414013,75.32467532467533,58.66242038216561,12.32484076433121,18.152866242038215,27.04590950450823,,
2019-03-29,17.16,1.748,3.0683,0.027592058275058274,23.56687898089172,27.070063694267514,20.12987012987013,60.82802547770701,16.783439490445858,25.318471337579616,47.07887335594342,,
2019-04-30,17.47,1.694,3.3869,0.02337198454493418,26.11464968152866,24.522292993630572,16.883116883116884,59.80891719745223,18.05732484076433,25.318471337579616,48.10385474398213,,
2019-05-31,16.35,1.61,3.2751,0.028411079510703353,17.197452229299362,15.92356687898089,23.051948051948052,56.36942675159236,13.598726114649681,16.560509554140125,42.046199023906034,,
2019-06-28,16.38,1.689,3.2254,0.028796061050061057,17.51592356687898,23.726114649681527,41.883116883116884,59.49044585987261,13.75796178343949,20.62101910828025,38.271052196211436,,
2019-07-31,16.22,1.662,3.1552,0.030100281134401982,16.0828025477707,22.929936305732486,74.35064935064936,59.171974522293,13.04140127388535,19.506369426751593,27.989391182066342,,
2019-08-30,15.8,1.612,3.0573,0.032718139240506317,12.738853503184714,16.24203821656051,79.54545454545455,56.496815286624205,11.369426751592357,14.490445859872612,24.05674580196873,,
2019-09-30,15.92,1.615,3.1411,0.031403070351758794,14.012738853503185,16.560509554140125,77.27272727272727,56.62420382165605,12.006369426751593,15.286624203821656,25.130283729009847,,
2019-10-31,15.86,1.595,3.288,0.030171702395964693,13.375796178343949,15.286624203821656,74.67532467532467,56.11464968152866,11.687898089171973,14.331210191082803,25.457275208867564,,
2019-11-29,15.6,1.568,3.165,0.03245256410256411,12.101910828025478,12.101910828025478,78.57142857142857,54.840764331210195,11.050955414012739,12.101910828025478,23.23748862602366,,
2019-12-31,16.76,1.689,3.1365,0.028300871121718377,20.541401273885352,23.726114649681527,22.727272727272727,59.49044585987261,15.270700636942676,22.133757961783438,44.774174869716276,,
2020-01-23,16.59,1.658,2.9932,0.030345275467148887,18.789808917197455,21.97452229299363,75.64935064935064,58.789808917197455,14.394904458598727,20.382165605095544,28.056787161882706,,
2020-02-28,16.32,1.634,2.7376,0.03389850980392156,16.878980891719745,19.904458598726116,83.11688311688312,57.961783439490446,13.439490445859873,18.39171974522293,24.862705765572006,,
2020-03-31,15.2,1.527,2.5899,0.03989047368421052,10.509554140127388,7.006369426751593,93.83116883116884,52.802547770700635,10.254777070063694,8.757961783439491,17.089502853834063,,
2020-04-30,17.35,1.58,2.538,0.03225688760806916,25.0,13.694267515923567,78.24675324675324,55.47770700636943,17.5,19.347133757961785,26.92565555463645,,
2020-05-29,17.36,1.595,2.7053,0.030550686635944704,25.477707006369428,15.286624203821656,75.97402597402598,56.11464968152866,17.738853503184714,20.382165605095544,28.093142526263545,,
2020-06-30,17.78,1.717,2.823,0.028012969628796396,28.980891719745223,25.477707006369428,21.428571428571427,60.19108280254777,19.49044585987261,27.229299363057326,47.67652411282984,,
2020-07-31,19.71,1.916,2.9664,0.021071667174023333,38.21656050955414,84.71337579617835,12.337662337662337,83.88535031847135,24.10828025477707,61.46496815286625,66.33691785921086,,
2020-08-31,21.24,1.928,3.0177,0.01690397928436912,44.745222929936304,86.62420382165605,8.766233766233766,84.64968152866243,27.372611464968152,65.68471337579618,69.48000248159484,,
2020-09-30,20.08,1.825,3.1482,0.018318796812749005,40.76433121019109,31.210191082802545,9.740259740259742,62.48407643312102,25.382165605095544,35.98726114649682,55.44734882951443,,
2020-10-30,19.44,1.811,3.181,0.019630329218106993,36.30573248407643,29.617834394904456,11.03896103896104,61.847133757961785,23.152866242038215,32.961783439490446,53.57684672015883,,
2020-11-30,20.3,1.865,3.25,0.01676108374384236,41.71974522292994,33.12101910828025,8.441558441558442,63.2484076433121,25.85987261146497,37.42038216560509,56.51530316816941,,
2020-12-31,21.26,1.944,3.1429,0.015607688617121356,45.22292993630573,87.57961783439491,6.8181818181818175,85.03184713375796,27.611464968152866,66.40127388535032,70.40359004053272,,
2021-01-29,21.16,1.925,3.1786,0.015472979206049148,44.26751592356688,85.98726114649682,6.493506493506493,84.39490445859873,27.13375796178344,65.12738853503186,69.89589709653404,,
2021-02-26,21.07,1.918,3.2798,0.014662844803037492,43.94904458598726,85.03184713375796,5.194805194805195,84.01273885350318,26.97452229299363,64.49044585987261,69.98614442881959,,
2021-03-31,19.69,1.86,3.1887,0.018900201625190453,37.261146496815286,32.802547770700635,10.38961038961039,63.12101910828025,23.630573248407643,35.031847133757964,54.74298949458185,,
2021-04-30,18.04,1.836,3.164,0.02379237250554324,30.4140127388535,31.84713375796178,17.20779220779221,62.738853503184714,20.20700636942675,31.130573248407643,50.76600628670692,,
2021-05-31,18.9,1.947,3.045,0.022460052910052916,34.07643312101911,87.89808917197452,15.909090909090908,85.15923566878982,22.038216560509554,60.98726114649681,64.96294151708165,,
2021-06-30,19.22,2.028,3.0778,0.021251136316337155,35.35031847133758,91.71974522292994,13.311688311688311,86.68789808917198,22.67515923566879,63.535031847133766,66.93961452560178,,
2021-07-30,18.2,1.922,2.8363,0.026582054945054945,31.84713375796178,85.6687898089172,18.83116883116883,84.26751592356689,20.923566878980893,58.75796178343949,63.01625444619074,,
2021-08-31,17.65,1.934,2.845,0.028207223796034,28.02547770700637,86.94267515923568,22.4025974025974,84.77707006369428,19.012738853503187,57.484076433121025,61.282405492596574,,
2021-09-30,17.64,1.936,2.8776,0.02791334240362811,27.547770700636942,87.26114649681529,20.77922077922078,84.90445859872611,18.773885350318473,57.404458598726116,61.72324013566052,,
2021-10-29,17.72,1.895,2.9732,0.026701408577878113,28.343949044585987,83.9171974522293,19.155844155844157,83.56687898089172,19.17197452229299,56.13057324840764,61.64018942840598,,
2021-11-30,17.99,1.904,2.825,0.02733643690939411,29.617834394904456,84.39490445859873,19.805194805194805,83.7579617834395,19.808917197452228,57.00636942675159,61.87372818264539,,
2021-12-31,18.81,1.976,2.7754,0.025409211057947908,33.75796178343949,89.49044585987261,17.857142857142858,85.79617834394904,21.878980891719745,61.62420382165605,64.66515013648771,,
2022-01-28,17.17,1.782,2.7021,0.031220118229469997,23.88535031847134,27.70700636942675,76.94805194805194,61.0828025477707,16.94267515923567,25.796178343949045,30.259533460170402,,
2022-02-28,17.64,1.818,2.775,0.028939342403628113,27.547770700636942,30.4140127388535,48.701298701298704,62.1656050955414,18.773885350318473,28.980891719745223,40.27177599470593,,
2022-03-31,16.45,1.688,2.7878,0.032912273556231005,17.8343949044586,23.248407643312103,80.1948051948052,59.29936305732484,13.9171974522293,20.54140127388535,26.747290925634875,,
2022-04-29,15.32,1.544,2.8386,0.03688815143603132,10.828025477707007,9.235668789808917,88.31168831168831,53.69426751592357,10.414012738853504,10.031847133757962,19.33770369757631,,
2022-05-31,16.5,1.629,2.7426,0.03318006060606061,18.471337579617835,19.10828025477707,80.84415584415584,57.64331210191083,14.235668789808917,18.789808917197455,25.759492100256438,,
2022-06-30,17.49,1.786,2.8205,0.028970528873642085,26.43312101910828,28.343949044585987,50.0,61.33757961783439,18.216560509554142,27.388535031847134,39.12738853503185,,
2022-07-29,16.84,1.714,2.756,0.03182242280285036,21.019108280254777,25.159235668789808,77.59740259740259,60.06369426751593,15.509554140127388,23.089171974522294,28.762180494664573,,
2022-08-31,16.48,1.638,2.6225,0.03445461165048544,18.152866242038215,20.382165605095544,84.0909090909091,58.152866242038215,14.076433121019107,19.26751592356688,24.9988419224088,,
2022-09-30,15.44,1.536,2.7601,0.03716583937823835,11.146496815286625,8.280254777070063,88.63636363636364,53.31210191082803,10.573248407643312,9.713375796178344,19.10017371163868,,
2022-10-31,14.95,1.442,2.6433,0.04045663210702341,9.872611464968154,3.5031847133757963,94.8051948051948,51.40127388535032,9.936305732484076,6.687898089171975,15.832326908760031,,
2022-11-30,16.22,1.564,2.885,0.03280228113440198,16.0828025477707,11.464968152866243,79.87012987012987,54.5859872611465,13.04140127388535,13.773885350318473,23.696604351062952,,
2022-12-30,15.83,1.548,2.8353,0.03481819393556537,13.05732484076433,9.872611464968154,85.06493506493507,53.94904458598726,11.528662420382165,11.464968152866241,21.015551327653238,,
2023-01-31,16.9,1.633,2.8977,0.0301945976331361,21.656050955414013,19.426751592356688,75.0,57.77070063694268,15.828025477707007,20.54140127388535,28.382165605095544,,
2023-02-28,17.0,1.634,2.9017,0.029806529411764704,22.29299363057325,19.904458598726116,74.02597402597402,57.961783439490446,16.146496815286625,21.098726114649683,28.94348167755811,,
2023-03-31,16.91,1.621,2.8528,0.030608605558840922,21.97452229299363,17.67515923566879,76.2987012987013,57.07006369426752,15.987261146496815,19.82484076433121,27.66930680784184,,
2023-04-28,17.11,1.621,2.7788,0.030657353594389244,22.929936305732486,17.67515923566879,76.62337662337663,57.07006369426752,16.46496815286624,20.302547770700638,27.810757713623957,,
2023-05-31,16.67,1.569,2.685,0.03313800239952009,19.745222929936308,12.738853503184714,80.51948051948052,55.095541401273884,14.872611464968154,16.24203821656051,24.7103978823724,,
2023-06-30,16.76,1.62,2.6351,0.033314871121718374,20.541401273885352,17.197452229299362,81.81818181818183,56.87898089171975,15.270700636942676,18.869426751592357,25.545309785755645,,
2023-07-31,17.1,1.655,2.6597,0.03188253216374269,22.611464968152866,21.337579617834397,77.92207792207793,58.53503184713376,16.305732484076433,21.974522292993633,28.183886177516747,,
2023-08-31,16.71,1.542,2.5575,0.034269404548174745,20.063694267515924,8.9171974522293,83.44155844155844,53.56687898089172,15.031847133757962,14.490445859872612,23.03441144842419,,
2023-09-28,16.6,1.534,2.6751,0.033489963855421676,19.10828025477707,7.961783439490445,82.46753246753246,53.18471337579618,14.554140127388536,13.535031847133759,22.868020514517333,,
2023-10-31,16.18,1.453,2.6938,0.03486669715698393,15.127388535031846,5.095541401273886,85.3896103896104,52.038216560509554,12.563694267515924,10.111464968152866,20.33693853916784,,
2023-11-30,16.2,1.456,2.668,0.035048395061728396,15.605095541401273,5.414012738853503,86.03896103896103,52.1656050955414,12.802547770700636,10.509554140127388,20.334808503598317,,
2023-12-29,16.18,1.451,2.5553,0.03625169715698393,15.127388535031846,4.617834394904459,87.33766233766234,51.847133757961785,12.563694267515924,9.872611464968152,19.642650343287286,,
2024-01-31,14.76,1.315,2.433,0.04342067750677508,9.394904458598727,0.3184713375796179,97.40259740259741,50.12738853503185,9.697452229299364,4.856687898089173,14.201195301513772,,
2024-02-29,16.05,1.422,2.3375,0.03893029595015576,14.331210191082802,1.910828025477707,93.18181818181817,50.76433121019108,12.165605095541402,8.121019108280255,17.067747539085122,,
2024-03-29,16.28,1.431,2.2901,0.03852406142506142,16.560509554140125,2.388535031847134,92.53246753246754,50.955414012738856,13.280254777070063,9.47452229299363,17.929750186119612,,
2024-04-30,16.86,1.431,2.3028,0.03628398102016608,21.337579617834397,2.388535031847134,87.66233766233766,50.955414012738856,15.668789808917198,11.863057324840765,20.585056663082142,,
2024-05-31,16.63,1.432,2.2926,0.037206291040288636,19.426751592356688,2.8662420382165608,88.96103896103897,51.146496815286625,14.713375796178344,11.146496815286625,19.827611878567293,,
2024-06-28,15.9,1.399,2.2058,0.04083508176100629,13.694267515923567,1.2738853503184715,96.1038961038961,50.50955414012739,11.847133757961783,7.484076433121019,15.88539167838531,,
2024-07-31,15.74,1.388,2.1494,0.04203840152477764,12.420382165605096,0.9554140127388535,96.75324675324676,50.382165605095544,11.210191082802549,6.687898089171974,15.298866738357184,,
2024-08-30,15.14,1.323,2.1704,0.04434619815059444,10.191082802547772,0.6369426751592357,98.37662337662337,50.254777070063696,10.095541401273886,5.414012738853504,14.181280502936557,,
2024-09-30,18.19,1.568,2.1518,0.033457261132490375,31.369426751592357,12.101910828025478,82.14285714285714,54.840764331210195,20.68471337579618,21.73566878980892,26.98293903548681,,
2024-10-31,17.92,1.532,2.1476,0.03432757142857142,29.29936305732484,7.484076433121019,83.76623376623377,52.99363057324841,19.64968152866242,18.39171974522293,24.916308214078917,,
2024-11-29,18.15,1.553,2.0206,0.03489041873278237,30.89171974522293,10.828025477707007,85.71428571428571,54.3312101910828,20.445859872611464,20.85987261146497,25.499090081892632,,
2024-12-31,18.28,1.57,1.6752,0.03795259518599563,32.48407643312102,13.05732484076433,91.55844155844156,55.22292993630573,21.24203821656051,22.770700636942674,24.656671354123585,,
2025-01-27,17.74,1.507,1.6299,0.04007078579481399,28.662420382165603,6.369426751592357,94.15584415584416,52.547770700636946,19.331210191082803,17.515923566878982,21.3838200016544,,
2025-02-28,18.32,1.55,1.7152,0.03743315283842795,33.12101910828025,10.509554140127388,89.93506493506493,54.203821656050955,21.560509554140125,21.81528662420382,24.716932748779882,,
2025-03-31,18.01,1.547,1.8129,0.03739570849528039,29.936305732484076,9.554140127388536,89.6103896103896,53.82165605095541,19.968152866242036,19.745222929936304,23.7984117793035,,
2025-04-30,18.04,1.493,1.6243,0.03918937250554324,30.4140127388535,6.050955414012739,93.5064935064935,52.4203821656051,20.20700636942675,18.23248407643312,21.94327487798826,,
2025-05-30,18.31,1.54,1.6712,0.037902964500273084,32.802547770700635,8.598726114649681,91.23376623376623,53.439490445859875,21.401273885350317,20.700636942675157,23.808214078914716,,
2025-06-30,19.27,1.622,1.6469,0.03542513596263622,35.6687898089172,18.471337579617835,86.68831168831169,57.388535031847134,22.8343949044586,27.070063694267517,28.159111589047896,,
2025-07-31,19.78,1.661,1.7044,0.033512117290192114,39.171974522293,22.611464968152866,82.79220779220779,59.044585987261144,24.5859872611465,30.891719745222932,31.15596823558607,,
2025-08-29,21.49,1.789,1.8379,0.02815427128897162,47.452229299363054,28.662420382165603,22.07792207792208,61.46496815286624,28.726114649681527,38.05732484076433,52.83203738936223,,
2025-09-30,21.77,1.799,1.8605,0.02732977262287552,98.08917197452229,29.29936305732484,19.480519480519483,61.71974522292994,54.044585987261144,63.69426751592356,66.41699065265944,,
2025-10-31,21.36,1.785,1.7954,0.028862479400749066,46.17834394904459,28.02547770700637,45.45454545454545,61.21019108280255,28.089171974522294,37.10191082802548,45.35408222350898,,
2025-11-28,21.02,1.759,1.8412,0.029161739295908665,43.63057324840764,27.388535031847134,57.7922077922078,60.955414012738856,26.81528662420382,35.50955414012739,40.86934403176441,,
2025-12-31,21.61,1.812,1.8473,0.027801872744099957,48.089171974522294,29.936305732484076,20.454545454545457,61.97452229299363,29.044585987261147,39.01273885350319,53.771279675738285,,
2026-01-30,22.53,1.871,1.8112,0.026273264092321346,98.40764331210191,33.917197452229296,18.506493506493506,63.566878980891715,54.203821656050955,66.1624203821656,67.85091819009016,,
2026-02-27,22.87,1.895,1.7877,0.025848404459991255,98.72611464968153,83.9171974522293,18.181818181818183,83.56687898089172,54.36305732484077,91.32165605095543,79.52793862188767,,
2026-03-25,21.59,1.795,1.8233,0.028084739694302918,47.77070063694268,28.980891719745223,21.753246753246753,61.59235668789809,28.88535031847134,38.37579617834395,53.08230622880304,,
2026-03-27,21.66,1.883,1.8172,0.02799605170821791,72.92993630573248,83.43949044585987,21.1038961038961,83.37579617834396,13.7,78.18471337579618,66.53940441723881,50.0,13.7
2026-04-24,21.66,1.88,1.7601,0.02856705170821791,72.92993630573248,58.75796178343949,27.5974025974026,73.5031847133758,13.7,65.84394904458598,58.91460087683017,,13.7
2026-04-25,21.66,1.88,1.7601,0.02856705170821791,72.92993630573248,58.75796178343949,27.5974025974026,73.5031847133758,13.7,65.84394904458598,58.91460087683017,,13.7
2026-04-26,21.66,1.88,1.7601,0.02856705170821791,72.92993630573248,58.75796178343949,27.5974025974026,73.5031847133758,13.7,65.84394904458598,58.91460087683017,,13.7
2026-04-27,21.66,1.88,1.7697,0.02847105170821791,72.92993630573248,58.75796178343949,23.376623376623375,73.5031847133758,13.7,65.84394904458598,60.180834643063946,,13.7
2026-04-28,21.66,1.88,1.7654,0.02851405170821791,72.92993630573248,58.75796178343949,25.487012987012985,73.5031847133758,13.7,65.84394904458598,59.547717759947055,,13.7
2026-04-29,21.66,1.88,1.7444,0.02872405170821791,72.92993630573248,58.75796178343949,34.74025974025974,73.5031847133758,13.7,65.84394904458598,56.77174373397303,,13.7
2026-04-30,21.66,1.88,1.7473,0.028695051708217907,72.92993630573248,58.75796178343949,31.655844155844154,73.5031847133758,13.7,65.84394904458598,57.69706840929771,,13.7
2026-05-01,21.66,1.88,1.7473,0.028695051708217907,72.92993630573248,58.75796178343949,31.655844155844154,73.5031847133758,13.7,65.84394904458598,57.69706840929771,,13.7
2026-05-02,21.66,1.88,,,72.92993630573248,58.75796178343949,,73.5031847133758,13.7,65.84394904458598,,,13.7
2026-05-03,21.66,1.88,,,72.92993630573248,58.75796178343949,,73.5031847133758,13.7,65.84394904458598,,,13.7
2026-05-04,21.66,1.88,,,72.92993630573248,58.75796178343949,,73.5031847133758,13.7,65.84394904458598,,,13.7
2026-05-05,21.66,1.88,,,72.92993630573248,58.75796178343949,,73.5031847133758,13.7,65.84394904458598,,,13.7
2026-05-06,21.66,1.88,1.7654,0.02851405170821791,72.92993630573248,58.75796178343949,25.487012987012985,73.5031847133758,13.7,65.84394904458598,59.547717759947055,,13.7
2026-05-07,21.66,1.88,1.7631,0.028537051708217912,72.92993630573248,58.75796178343949,26.623376623376622,73.5031847133758,13.7,65.84394904458598,59.20680866903797,,13.7
2026-05-08,21.66,1.88,1.7648,0.02852005170821791,72.92993630573248,58.75796178343949,25.97402597402597,73.5031847133758,13.7,65.84394904458598,59.40161386384316,,13.7
2026-05-09,21.66,1.88,1.767,0.02849805170821791,72.92993630573248,58.75796178343949,23.863636363636363,73.5031847133758,13.7,65.84394904458598,60.034730746960044,,13.7
2026-05-10,21.66,1.88,1.767,0.02849805170821791,72.92993630573248,58.75796178343949,23.863636363636363,73.5031847133758,13.7,65.84394904458598,60.034730746960044,,13.7
2026-05-11,21.66,1.88,1.7622,0.02854605170821791,72.92993630573248,58.75796178343949,26.948051948051948,73.5031847133758,13.7,65.84394904458598,59.10940607163537,,13.7
2026-05-12,21.66,1.88,1.7592,0.02857605170821791,72.92993630573248,58.75796178343949,28.246753246753247,73.5031847133758,13.7,65.84394904458598,58.71979568202499,,13.7
2026-05-13,21.66,1.88,1.7514,0.028654051708217908,72.92993630573248,58.75796178343949,30.1948051948052,73.5031847133758,13.7,65.84394904458598,58.13538009760939,,13.7
2026-05-14,21.66,1.88,1.7588,0.02858005170821791,72.92993630573248,58.75796178343949,28.57142857142857,73.5031847133758,13.7,65.84394904458598,58.62239308462238,,13.7
2026-05-15,21.66,1.88,1.7658,0.02851005170821791,72.92993630573248,58.75796178343949,24.675324675324674,73.5031847133758,13.7,65.84394904458598,59.79122425345356,,13.7
2026-05-16,21.66,1.88,1.7658,0.02851005170821791,72.92993630573248,58.75796178343949,24.675324675324674,73.5031847133758,13.7,65.84394904458598,59.79122425345356,,13.7
2026-05-17,21.66,1.88,1.7658,0.02851005170821791,72.92993630573248,58.75796178343949,24.675324675324674,73.5031847133758,13.7,65.84394904458598,59.79122425345356,,13.7
2026-05-18,21.66,1.88,1.7585,0.02858305170821791,72.92993630573248,58.75796178343949,28.8961038961039,73.5031847133758,13.7,65.84394904458598,58.52499048721979,,13.7
2026-05-19,21.66,1.88,1.7345,0.02882305170821791,72.92993630573248,58.75796178343949,42.857142857142854,73.5031847133758,13.7,65.84394904458598,54.3366787989081,,13.7
2026-05-20,21.66,1.88,1.7382,0.02878605170821791,72.92993630573248,58.75796178343949,40.58441558441558,73.5031847133758,13.7,65.84394904458598,55.01849698072628,,13.7
2026-05-21,21.66,1.88,1.7448,0.02872005170821791,72.92993630573248,58.75796178343949,33.92857142857143,73.5031847133758,13.7,65.84394904458598,57.01525022747953,,13.7
2026-05-22,21.66,1.88,1.7519,0.02864905170821791,72.92993630573248,58.75796178343949,29.545454545454547,73.5031847133758,13.7,65.84394904458598,58.33018529241459,,13.7
2026-05-23,21.66,1.88,1.7519,0.02864905170821791,72.92993630573248,58.75796178343949,29.545454545454547,73.5031847133758,13.7,65.84394904458598,58.33018529241459,,13.7
2026-05-24,21.66,1.88,1.7519,0.02864905170821791,72.92993630573248,58.75796178343949,29.545454545454547,73.5031847133758,13.7,65.84394904458598,58.33018529241459,,13.7
2026-05-25,21.66,1.88,1.7484,0.02868405170821791,72.92993630573248,58.75796178343949,30.519480519480517,73.5031847133758,13.7,65.84394904458598,58.0379775002068,,13.7
2026-05-28,21.66,1.88,1.7193,0.02897505170821791,72.92993630573248,58.75796178343949,50.649350649350644,73.5031847133758,13.7,65.84394904458598,51.999016461245766,,13.7
2026-05-29,21.66,1.88,1.709,0.02907805170821791,72.92993630573248,58.75796178343949,55.84415584415584,73.5031847133758,13.7,65.84394904458598,50.44057490280421,,13.7
2026-05-30,21.66,1.88,1.709,0.02907805170821791,72.92993630573248,58.75796178343949,55.84415584415584,73.5031847133758,13.7,65.84394904458598,50.44057490280421,,13.7
2026-05-31,21.66,1.88,1.709,0.02907805170821791,72.92993630573248,58.75796178343949,55.84415584415584,73.5031847133758,13.7,65.84394904458598,50.44057490280421,,13.7
2026-06-01,21.66,1.88,1.7009,0.02915905170821791,72.92993630573248,58.75796178343949,57.467532467532465,73.5031847133758,13.7,65.84394904458598,49.95356191579122,,13.7
2026-06-02,21.66,1.88,1.7036,0.02913205170821791,72.92993630573248,58.75796178343949,57.14285714285714,73.5031847133758,13.7,65.84394904458598,50.05096451319381,,13.7
2026-06-03,21.66,1.88,1.7128,0.02904005170821791,72.92993630573248,58.75796178343949,53.896103896103895,73.5031847133758,13.7,65.84394904458598,51.02499048721979,,13.7
2026-06-04,21.66,1.88,1.7081,0.02908705170821791,72.92993630573248,58.75796178343949,56.493506493506494,73.5031847133758,13.7,65.84394904458598,50.24576970799901,,13.7
2026-06-05,21.66,1.88,1.7207,0.02896105170821791,72.92993630573248,58.75796178343949,49.35064935064935,73.5031847133758,13.7,65.84394904458598,52.38862685085615,,13.7
2026-06-06,21.66,1.88,1.7207,0.02896105170821791,72.92993630573248,58.75796178343949,49.35064935064935,73.5031847133758,13.7,65.84394904458598,52.38862685085615,,13.7
2026-06-07,21.66,1.88,1.7207,0.02896105170821791,72.92993630573248,58.75796178343949,49.35064935064935,73.5031847133758,13.7,65.84394904458598,52.38862685085615,,13.7
2026-06-08,21.66,1.88,1.7275,0.02889305170821791,72.92993630573248,58.75796178343949,48.05194805194805,73.5031847133758,13.7,65.84394904458598,52.778237240466545,,13.7
2026-06-09,21.66,1.88,1.7376,0.02879205170821791,72.92993630573248,58.75796178343949,41.23376623376623,73.5031847133758,13.7,65.84394904458598,54.82369178592109,,13.7
2026-06-10,21.66,1.88,1.7476,0.028692051708217908,72.92993630573248,58.75796178343949,30.844155844155846,73.5031847133758,13.7,65.84394904458598,57.9405749028042,,13.7
2026-06-11,21.66,1.88,1.7475,0.02869305170821791,72.92993630573248,58.75796178343949,31.16883116883117,73.5031847133758,13.7,65.84394904458598,57.84317230540161,,13.7
2026-06-12,21.66,1.88,1.7427,0.02874105170821791,72.92993630573248,58.75796178343949,36.36363636363637,73.5031847133758,13.7,65.84394904458598,56.284730746960044,,13.7
2026-06-13,21.66,1.88,1.7427,0.02874105170821791,72.92993630573248,58.75796178343949,36.36363636363637,73.5031847133758,13.7,65.84394904458598,56.284730746960044,,13.7
2026-06-14,21.66,1.88,1.7427,0.02874105170821791,72.92993630573248,58.75796178343949,36.36363636363637,73.5031847133758,13.7,65.84394904458598,56.284730746960044,,13.7
2026-06-15,21.66,1.88,1.7446,0.02872205170821791,72.92993630573248,58.75796178343949,34.41558441558442,73.5031847133758,13.7,65.84394904458598,56.86914633137563,,13.7
2026-06-16,21.66,1.88,1.7324,0.02884405170821791,72.92993630573248,58.75796178343949,44.15584415584416,73.5031847133758,13.7,65.84394904458598,53.94706840929771,,13.7
2026-06-17,21.66,1.88,1.727,0.02889805170821791,72.92993630573248,58.75796178343949,48.37662337662338,73.5031847133758,13.7,65.84394904458598,52.68083464306394,,13.7
2026-06-18,21.66,1.88,1.7299,0.02886905170821791,72.92993630573248,58.75796178343949,46.26623376623377,73.5031847133758,13.7,65.84394904458598,53.31395152618082,,13.7
2026-06-19,21.66,1.88,1.7299,0.02886905170821791,72.92993630573248,58.75796178343949,46.26623376623377,73.5031847133758,13.7,65.84394904458598,53.31395152618082,,13.7
2026-06-20,21.66,1.88,1.7299,0.02886905170821791,72.92993630573248,58.75796178343949,46.26623376623377,73.5031847133758,13.7,65.84394904458598,53.31395152618082,,13.7
2026-06-21,21.66,1.88,1.7299,0.02886905170821791,72.92993630573248,58.75796178343949,46.26623376623377,73.5031847133758,13.7,65.84394904458598,53.31395152618082,,13.7
2026-06-22,21.66,1.88,1.7375,0.028793051708217908,72.92993630573248,58.75796178343949,41.55844155844156,73.5031847133758,13.7,65.84394904458598,54.726289188518486,,13.7
2026-06-23,21.66,1.88,1.7437,0.02873105170821791,72.92993630573248,58.75796178343949,35.55194805194805,73.5031847133758,13.7,65.84394904458598,56.528237240466545,,13.7
2026-06-24,21.66,1.88,1.7454,0.02871405170821791,72.92993630573248,58.75796178343949,33.116883116883116,73.5031847133758,13.7,65.84394904458598,57.25875672098602,,13.7
2026-06-25,21.66,1.88,1.7351,0.028817051708217908,72.92993630573248,58.75796178343949,42.37012987012987,73.5031847133758,13.7,65.84394904458598,54.482782695012,,13.7
2026-06-26,21.66,1.88,1.7314,0.02885405170821791,72.92993630573248,58.75796178343949,44.8051948051948,73.5031847133758,13.7,65.84394904458598,53.752263214492515,,13.7
2026-06-27,21.66,1.88,1.7314,0.02885405170821791,72.92993630573248,58.75796178343949,44.8051948051948,73.5031847133758,13.7,65.84394904458598,53.752263214492515,,13.7
2026-06-28,21.66,1.88,1.7314,0.02885405170821791,72.92993630573248,58.75796178343949,44.8051948051948,73.5031847133758,13.7,65.84394904458598,53.752263214492515,,13.7
2026-06-29,21.66,1.88,1.717,0.02899805170821791,72.92993630573248,58.75796178343949,50.97402597402597,73.5031847133758,13.7,65.84394904458598,51.90161386384317,,13.7
2026-06-30,21.66,1.88,1.733,0.028838051708217908,72.92993630573248,58.75796178343949,43.506493506493506,73.5031847133758,13.7,65.84394904458598,54.141873604102905,,13.7
2026-07-01,21.66,1.88,1.7448,0.02872005170821791,72.92993630573248,58.75796178343949,33.92857142857143,73.5031847133758,13.7,65.84394904458598,57.01525022747953,,13.7
2026-07-02,21.66,1.88,1.741,0.028758051708217908,72.92993630573248,58.75796178343949,37.01298701298701,73.5031847133758,13.7,65.84394904458598,56.08992555215485,,13.7
2026-07-03,21.66,1.88,1.7463,0.02870505170821791,72.92993630573248,58.75796178343949,32.467532467532465,73.5031847133758,13.7,65.84394904458598,57.45356191579122,,13.7
2026-07-04,21.66,1.88,1.7463,0.02870505170821791,72.92993630573248,58.75796178343949,32.467532467532465,73.5031847133758,13.7,65.84394904458598,57.45356191579122,,13.7
2026-07-05,21.66,1.88,1.7463,0.02870505170821791,72.92993630573248,58.75796178343949,32.467532467532465,73.5031847133758,13.7,65.84394904458598,57.45356191579122,,13.7
2026-07-06,21.66,1.88,1.7379,0.02878905170821791,72.92993630573248,58.75796178343949,40.909090909090914,73.5031847133758,13.7,65.84394904458598,54.921094383323684,,13.7
2026-07-07,21.66,1.88,1.7406,0.02876205170821791,72.92993630573248,58.75796178343949,37.5,73.5031847133758,13.7,65.84394904458598,55.94382165605096,,13.7
2026-07-08,21.66,1.88,1.7385,0.028783051708217912,72.92993630573248,58.75796178343949,40.25974025974026,73.5031847133758,13.7,65.84394904458598,55.11589957812888,,13.7
2026-07-10,21.66,1.88,1.7398,0.02877005170821791,72.92993630573248,58.75796178343949,39.61038961038961,73.5031847133758,13.7,65.84394904458598,55.31070477293407,,13.7
2026-07-11,21.66,1.88,1.7398,0.02877005170821791,72.92993630573248,58.75796178343949,39.61038961038961,73.5031847133758,13.7,65.84394904458598,55.31070477293407,,13.7
2026-07-12,21.66,1.88,1.7398,0.02877005170821791,72.92993630573248,58.75796178343949,39.61038961038961,73.5031847133758,13.7,65.84394904458598,55.31070477293407,,13.7
2026-07-13,21.66,1.88,1.7442,0.02872605170821791,72.92993630573248,58.75796178343949,35.064935064935064,73.5031847133758,13.7,65.84394904458598,56.67434113657044,,13.7
2026-07-14,21.66,1.88,1.7402,0.02876605170821791,72.92993630573248,58.75796178343949,38.961038961038966,73.5031847133758,13.7,65.84394904458598,55.505509967739265,,13.7
2026-07-15,21.66,1.88,1.7406,0.02876205170821791,72.92993630573248,58.75796178343949,37.5,73.5031847133758,13.7,65.84394904458598,55.94382165605096,,13.7
2026-07-16,21.66,1.88,1.7437,0.02873105170821791,72.92993630573248,58.75796178343949,35.55194805194805,73.5031847133758,13.7,65.84394904458598,56.528237240466545,,13.7
2026-07-17,21.66,1.88,1.7404,0.02876405170821791,72.92993630573248,58.75796178343949,38.311688311688314,73.5031847133758,13.7,65.84394904458598,55.70031516254446,,13.7
2026-07-18,21.66,1.88,1.7404,0.02876405170821791,72.92993630573248,58.75796178343949,38.311688311688314,73.5031847133758,13.7,65.84394904458598,55.70031516254446,,13.7
2026-07-19,21.66,1.88,1.7404,0.02876405170821791,72.92993630573248,58.75796178343949,38.311688311688314,73.5031847133758,13.7,65.84394904458598,55.70031516254446,,13.7
2026-07-20,21.66,1.88,1.7453,0.02871505170821791,72.92993630573248,58.75796178343949,33.44155844155844,73.5031847133758,13.7,65.84394904458598,57.16135412358343,,13.7
2026-07-24,21.66,1.88,1.7282,0.02888605170821791,72.92993630573248,58.75796178343949,47.4025974025974,73.5031847133758,13.7,65.84394904458598,52.973042435271736,,13.7
2026-07-25,21.66,1.88,1.7282,0.02888605170821791,72.92993630573248,58.75796178343949,47.4025974025974,73.5031847133758,13.7,65.84394904458598,52.973042435271736,,13.7
2026-07-26,21.66,1.88,1.7282,0.02888605170821791,72.92993630573248,58.75796178343949,47.4025974025974,73.5031847133758,13.7,65.84394904458598,52.973042435271736,,13.7
2026-07-27,21.66,1.88,1.7337,0.028831051708217908,72.92993630573248,58.75796178343949,43.18181818181818,73.5031847133758,13.7,65.84394904458598,54.239276201505504,,13.7
2026-07-28,21.66,1.88,1.7351,0.028817051708217908,72.92993630573248,58.75796178343949,42.37012987012987,73.5031847133758,13.7,65.84394904458598,54.482782695012,,13.7
2026-07-29,21.66,1.88,1.7329,0.02883905170821791,72.92993630573248,58.75796178343949,43.83116883116883,73.5031847133758,13.7,65.84394904458598,54.044471006700306,,13.7
2026-07-30,21.66,1.88,1.7196,0.02897205170821791,72.92993630573248,58.75796178343949,50.324675324675326,73.5031847133758,13.7,65.84394904458598,52.09641905864836,,13.7
2026-07-31,21.66,1.88,1.7141,0.02902705170821791,72.92993630573248,58.75796178343949,52.75974025974026,73.5031847133758,13.7,65.84394904458598,51.36589957812888,,13.7
2026-08-01,21.66,1.88,1.7141,0.02902705170821791,72.92993630573248,58.75796178343949,52.75974025974026,73.5031847133758,13.7,65.84394904458598,51.36589957812888,,13.7
2026-08-02,21.66,1.88,1.7141,0.02902705170821791,72.92993630573248,58.75796178343949,52.75974025974026,73.5031847133758,13.7,65.84394904458598,51.36589957812888,,13.7
2026-08-03,21.66,1.88,1.7169,0.02899905170821791,72.92993630573248,58.75796178343949,51.298701298701296,73.5031847133758,13.7,65.84394904458598,51.80421126644057,,13.7
2026-08-04,21.66,1.88,1.7126,0.02904205170821791,72.92993630573248,58.75796178343949,54.22077922077923,73.5031847133758,13.7,65.84394904458598,50.92758788981719,,13.7
2026-08-05,21.66,1.88,1.7137,0.02903105170821791,72.92993630573248,58.75796178343949,53.57142857142857,73.5031847133758,13.7,65.84394904458598,51.12239308462239,,13.7
2026-08-06,21.66,1.88,1.7143,0.02902505170821791,72.92993630573248,58.75796178343949,51.94805194805194,73.5031847133758,13.7,65.84394904458598,51.60940607163538,,13.7
2026-08-07,21.66,1.88,1.7114,0.02905405170821791,72.92993630573248,58.75796178343949,54.87012987012987,73.5031847133758,13.7,65.84394904458598,50.732782695012,,13.7
2026-08-08,21.66,1.88,1.7114,0.02905405170821791,72.92993630573248,58.75796178343949,54.87012987012987,73.5031847133758,13.7,65.84394904458598,50.732782695012,,13.7
2026-08-09,21.66,1.88,1.7114,0.02905405170821791,72.92993630573248,58.75796178343949,54.87012987012987,73.5031847133758,13.7,65.84394904458598,50.732782695012,,13.7
2026-08-10,21.66,1.88,1.7074,0.02909405170821791,72.92993630573248,58.75796178343949,56.81818181818182,73.5031847133758,13.7,65.84394904458598,50.14836711059641,,13.7
2026-08-11,21.66,1.88,1.7161,0.02900705170821791,72.92993630573248,58.75796178343949,51.62337662337663,73.5031847133758,13.7,65.84394904458598,51.70680866903797,,13.7
2026-08-12,21.66,1.88,1.7141,0.02902705170821791,72.92993630573248,58.75796178343949,52.75974025974026,73.5031847133758,13.7,65.84394904458598,51.36589957812888,,13.7
2026-08-13,21.66,1.88,2.45,0.02166805170821791,72.92993630573248,58.75796178343949,14.285714285714285,73.5031847133758,13.7,65.84394904458598,62.90810737033667,,13.7
2026-08-14,21.66,1.88,1.6964,0.02920405170821791,72.92993630573248,58.75796178343949,58.76623376623377,73.5031847133758,13.7,65.84394904458598,49.56395152618082,,13.7
2026-08-15,21.66,1.88,1.6964,0.02920405170821791,72.92993630573248,58.75796178343949,58.76623376623377,73.5031847133758,13.7,65.84394904458598,49.56395152618082,,13.7
2026-08-16,21.66,1.88,1.6964,0.02920405170821791,72.92993630573248,58.75796178343949,58.76623376623377,73.5031847133758,13.7,65.84394904458598,49.56395152618082,,13.7
2026-08-17,21.66,1.88,1.6924,0.02924405170821791,72.92993630573248,58.75796178343949,60.3896103896104,73.5031847133758,13.7,65.84394904458598,49.076938539167834,,13.7
2026-08-18,21.66,1.88,1.6864,0.02930405170821791,72.92993630573248,58.75796178343949,62.98701298701299,73.5031847133758,13.7,65.84394904458598,48.29771775994706,,13.7
2026-08-19,21.66,1.88,1.6831,0.02933705170821791,72.92993630573248,58.75796178343949,65.9090909090909,73.5031847133758,13.7,65.84394904458598,47.421094383323684,,13.7
2026-08-20,21.66,1.88,1.6832,0.02933605170821791,72.92993630573248,58.75796178343949,65.5844155844156,73.5031847133758,13.7,65.84394904458598,47.518496980726276,,13.7
2026-08-21,21.66,1.88,1.6839,0.02932905170821791,72.92993630573248,58.75796178343949,64.6103896103896,73.5031847133758,13.7,65.84394904458598,47.81070477293407,,13.7
2026-08-22,21.66,1.88,1.6839,0.02932905170821791,72.92993630573248,58.75796178343949,64.6103896103896,73.5031847133758,13.7,65.84394904458598,47.81070477293407,,13.7
2026-08-23,21.66,1.88,1.6839,0.02932905170821791,72.92993630573248,58.75796178343949,64.6103896103896,73.5031847133758,13.7,65.84394904458598,47.81070477293407,,13.7
2026-08-24,21.66,1.88,1.6794,0.02937405170821791,72.92993630573248,58.75796178343949,71.1038961038961,73.5031847133758,13.7,65.84394904458598,45.862652824882126,,13.7
2026-08-25,21.66,1.88,1.6815,0.02935305170821791,72.92993630573248,58.75796178343949,68.34415584415584,73.5031847133758,13.7,65.84394904458598,46.69057490280421,,13.7
2026-08-26,21.66,1.88,1.6887,0.02928105170821791,72.92993630573248,58.75796178343949,62.01298701298701,73.5031847133758,13.7,65.84394904458598,48.58992555215485,,13.7
2026-08-27,21.66,1.88,1.6988,0.02918005170821791,72.92993630573248,58.75796178343949,58.11688311688312,73.5031847133758,13.7,65.84394904458598,49.75875672098602,,13.7
2026-08-28,21.66,1.88,1.6949,0.029219051708217907,72.92993630573248,58.75796178343949,59.74025974025974,73.5031847133758,13.7,65.84394904458598,49.27174373397303,,13.7
2026-08-29,21.66,1.88,1.6949,0.029219051708217907,72.92993630573248,58.75796178343949,59.74025974025974,73.5031847133758,13.7,65.84394904458598,49.27174373397303,,13.7
2026-08-30,21.66,1.88,1.6949,0.029219051708217907,72.92993630573248,58.75796178343949,59.74025974025974,73.5031847133758,13.7,65.84394904458598,49.27174373397303,,13.7
2026-08-31,21.66,1.88,1.6883,0.02928505170821791,72.92993630573248,58.75796178343949,62.33766233766234,73.5031847133758,13.7,65.84394904458598,48.49252295475225,,13.7
2026-09-01,21.66,1.88,1.6834,0.029334051708217908,72.92993630573248,58.75796178343949,65.25974025974025,73.5031847133758,13.7,65.84394904458598,47.61589957812888,,13.7
2026-09-02,21.66,1.88,1.6861,0.02930705170821791,72.92993630573248,58.75796178343949,63.63636363636363,73.5031847133758,13.7,65.84394904458598,48.10291256514187,,13.7
2026-09-03,21.66,1.88,1.6798,0.02937005170821791,72.92993630573248,58.75796178343949,70.29220779220779,73.5031847133758,13.7,65.84394904458598,46.10615931838862,,13.7
2026-09-04,21.66,1.88,1.6804,0.02936405170821791,72.92993630573248,58.75796178343949,69.48051948051948,73.5031847133758,13.7,65.84394904458598,46.349665811895115,,13.7
2026-09-05,21.66,1.88,1.6804,0.02936405170821791,72.92993630573248,58.75796178343949,69.48051948051948,73.5031847133758,13.7,65.84394904458598,46.349665811895115,,13.7
2026-09-06,21.66,1.88,1.6804,0.02936405170821791,72.92993630573248,58.75796178343949,69.48051948051948,73.5031847133758,13.7,65.84394904458598,46.349665811895115,,13.7
2026-09-07,21.66,1.88,1.6798,0.02937005170821791,72.92993630573248,58.75796178343949,70.29220779220779,73.5031847133758,13.7,65.84394904458598,46.10615931838862,,13.7
2026-09-08,21.66,1.88,1.6815,0.02935305170821791,72.92993630573248,58.75796178343949,68.34415584415584,73.5031847133758,13.7,65.84394904458598,46.69057490280421,,13.7
2026-09-09,21.66,1.88,1.6816,0.02935205170821791,72.92993630573248,58.75796178343949,67.85714285714286,73.5031847133758,13.7,65.84394904458598,46.836678798908096,,13.7
2026-09-10,21.66,1.88,1.6797,0.02937105170821791,72.92993630573248,58.75796178343949,70.77922077922078,73.5031847133758,13.7,65.84394904458598,45.960055422284725,,13.7
2026-09-11,21.66,1.88,1.6899,0.02926905170821791,72.92993630573248,58.75796178343949,61.038961038961034,73.5031847133758,13.7,65.84394904458598,48.88213334436265,,13.7
2026-09-12,21.66,1.88,1.6899,0.02926905170821791,72.92993630573248,58.75796178343949,61.038961038961034,73.5031847133758,13.7,65.84394904458598,48.88213334436265,,13.7
2026-09-13,21.66,1.88,1.6899,0.02926905170821791,72.92993630573248,58.75796178343949,61.038961038961034,73.5031847133758,13.7,65.84394904458598,48.88213334436265,,13.7
2026-09-14,21.66,1.88,1.6888,0.02928005170821791,72.92993630573248,58.75796178343949,61.68831168831169,73.5031847133758,13.7,65.84394904458598,48.68732814955745,,13.7
2026-09-15,21.66,1.88,1.6865,0.029303051708217908,72.92993630573248,58.75796178343949,62.66233766233766,73.5031847133758,13.7,65.84394904458598,48.39512035734966,,13.7
2026-09-16,21.66,1.88,1.6858,0.02931005170821791,72.92993630573248,58.75796178343949,63.961038961038966,73.5031847133758,13.7,65.84394904458598,48.005509967739265,,13.7
2026-09-17,21.66,1.88,1.6862,0.02930605170821791,72.92993630573248,58.75796178343949,63.31168831168831,73.5031847133758,13.7,65.84394904458598,48.20031516254446,,13.7
2026-09-18,21.66,1.88,1.682,0.02934805170821791,72.92993630573248,58.75796178343949,67.04545454545455,73.5031847133758,13.7,65.84394904458598,47.08018529241459,,13.7
2026-09-19,21.66,1.88,1.682,0.02934805170821791,72.92993630573248,58.75796178343949,67.04545454545455,73.5031847133758,13.7,65.84394904458598,47.08018529241459,,13.7
2026-09-20,21.66,1.88,1.6818,0.02935005170821791,72.92993630573248,58.75796178343949,67.53246753246754,73.5031847133758,13.7,65.84394904458598,46.934081396310695,,13.7
2026-09-21,21.66,1.88,1.6829,0.02933905170821791,72.92993630573248,58.75796178343949,66.23376623376623,73.5031847133758,13.7,65.84394904458598,47.323691785921085,,13.7
2026-09-22,21.66,1.88,1.6791,0.02937705170821791,72.92993630573248,58.75796178343949,71.42857142857143,73.5031847133758,13.7,65.84394904458598,45.76525022747953,,13.7
2026-09-23,21.66,1.88,1.6807,0.029361051708217907,72.92993630573248,58.75796178343949,68.83116883116884,73.5031847133758,13.7,65.84394904458598,46.544471006700306,,13.7
2026-09-24,21.66,1.88,1.6738,0.02943005170821791,72.92993630573248,58.75796178343949,72.24025974025975,73.5031847133758,13.7,65.84394904458598,45.52174373397303,,13.7
2026-09-25,21.66,1.88,1.6738,0.02943005170821791,72.92993630573248,58.75796178343949,72.24025974025975,73.5031847133758,13.7,65.84394904458598,45.52174373397303,,13.7
2026-09-26,21.66,1.88,,,72.92993630573248,58.75796178343949,,73.5031847133758,13.7,65.84394904458598,,,13.7
2026-09-27,21.66,1.88,,,72.92993630573248,58.75796178343949,,73.5031847133758,13.7,65.84394904458598,,,13.7
2026-09-28,21.66,1.88,1.679,0.02937805170821791,72.92993630573248,58.75796178343949,71.75324675324676,73.5031847133758,13.7,65.84394904458598,45.66784763007693,,13.7
2026-09-29,21.66,1.88,1.667,0.02949805170821791,72.92993630573248,58.75796178343949,72.72727272727273,73.5031847133758,13.7,65.84394904458598,45.37563983786914,,13.7
2026-09-30,21.66,1.88,1.6822,0.02934605170821791,72.92993630573248,58.75796178343949,66.55844155844156,73.5031847133758,13.7,65.84394904458598,47.226289188518486,,13.7
