date,pe,pb,bond10y,erp,pe_pct,pb_pct,erp_pct,sentiment,breadth,temp_2d,temp_4d,breadth_real,breadth_raw
2013-01-31,14.44,1.825,3.6054,0.03319807756232687,16.257668711656443,60.122699386503065,64.41717791411043,74.04907975460122,13.128834355828221,38.190184049079754,39.56748466257669,,
2013-02-28,14.44,1.818,3.5957,0.03329507756232688,16.257668711656443,58.58895705521472,65.03067484662577,73.43558282208589,13.128834355828221,37.423312883435585,39.030674846625764,,
2013-03-29,13.5,1.691,3.5392,0.03868207407407407,13.803680981595093,46.62576687116564,86.50306748466258,68.65030674846625,11.901840490797547,30.214723926380366,29.223926380368095,,
2013-04-26,13.05,1.622,3.4313,0.042315352490421454,10.429447852760736,35.58282208588957,94.47852760736197,64.23312883435582,10.214723926380369,23.006134969325153,23.447852760736193,,
2013-05-31,13.87,1.742,3.4399,0.03769905335255949,14.723926380368098,51.533742331288344,82.20858895705521,70.61349693251535,12.36196319018405,33.12883435582822,31.871165644171782,,
2013-06-28,11.77,1.532,3.5125,0.049836767204757854,3.067484662576687,14.417177914110429,100.0,55.766871165644176,6.533742331288344,8.742331288343557,15.082822085889571,,
2013-07-31,12.11,1.574,3.7214,0.045362383154417846,4.601226993865031,25.766871165644172,99.38650306748467,60.30674846625767,7.300613496932515,15.184049079754601,18.26073619631902,,
2013-08-30,12.37,1.595,4.0354,0.04048674373484236,6.748466257668712,29.447852760736197,91.41104294478528,61.77914110429448,8.374233128834355,18.098159509202453,22.03680981595092,,
2013-09-30,12.92,1.66,3.9954,0.03744538080495356,9.815950920245399,42.944785276073624,81.59509202453987,67.17791411042946,9.9079754601227,26.38036809815951,28.852760736196323,,
2013-10-31,12.14,1.582,4.1806,0.040566322899505756,5.521472392638037,26.993865030674847,92.02453987730061,60.79754601226994,7.7607361963190185,16.257668711656443,20.98159509202454,,
2013-11-29,12.71,1.652,4.3612,0.03506620613690007,8.588957055214724,40.49079754601227,74.23312883435584,66.1963190184049,9.294478527607362,24.539877300613497,30.19018404907975,,
2013-12-31,12.29,1.594,4.5518,0.03584896501220505,6.134969325153374,28.22085889570552,75.4601226993865,61.28834355828221,8.067484662576687,17.177914110429448,26.38650306748466,,
2014-01-30,12.03,1.557,4.5019,0.03810651953449709,3.6809815950920246,21.472392638036812,84.66257668711657,58.58895705521473,6.840490797546012,12.576687116564418,21.460122699386503,,
2014-02-28,12.11,1.568,4.4276,0.03830038315441784,4.601226993865031,23.31288343558282,85.2760736196319,59.325153374233125,7.300613496932515,13.957055214723924,21.929447852760735,,
2014-03-31,11.7,1.515,4.5004,0.04046608547008547,1.8404907975460123,12.883435582822086,90.79754601226993,55.15337423312884,5.920245398773006,7.361963190184049,17.184049079754605,,
2014-04-30,11.47,1.449,4.3002,0.04418195815170008,0.6134969325153374,7.975460122699387,96.31901840490798,53.190184049079754,5.306748466257669,4.294478527607362,14.092024539877299,,
2014-05-30,11.64,1.487,4.0714,0.0451966529209622,1.2269938650306749,11.042944785276074,98.15950920245399,54.41717791411043,5.613496932515337,6.134969325153374,14.39877300613497,,
2014-06-30,11.75,1.549,4.0612,0.0444943829787234,2.4539877300613497,19.631901840490798,97.54601226993866,57.852760736196316,6.226993865030675,11.042944785276074,16.865030674846622,,
2014-07-31,12.52,1.65,4.2655,0.03721720447284344,7.975460122699387,39.87730061349693,79.75460122699386,65.95092024539878,8.987730061349694,23.926380368098158,28.239263803680984,,
2014-08-29,12.48,1.619,4.2361,0.03776720512820512,7.361963190184049,32.515337423312886,82.82208588957054,63.00613496932515,8.680981595092025,19.938650306748468,25.472392638036812,,
2014-09-30,13.42,1.733,3.9824,0.03469164828614009,12.883435582822086,50.920245398773,71.16564417177914,70.3680981595092,11.441717791411044,31.901840490797543,34.58282208588957,,
2014-10-31,13.5,1.711,3.7559,0.03651507407407407,13.803680981595093,47.85276073619632,77.30061349693251,69.14110429447854,11.901840490797547,30.82822085889571,32.266871165644176,,
2014-11-28,14.76,1.866,3.5249,0.03250167750677507,18.098159509202453,64.41717791411043,60.122699386503065,75.76687116564418,14.049079754601227,41.257668711656436,42.30368098159509,,
2014-12-31,17.28,2.163,3.6219,0.021651370370370362,47.239263803680984,93.86503067484662,26.380368098159508,87.54601226993864,28.619631901840492,70.5521472392638,66.48466257668711,,
2015-01-30,17.37,2.17,3.5019,0.022551523891767407,49.693251533742334,94.47852760736197,30.061349693251532,87.79141104294479,29.846625766871167,72.08588957055215,66.13496932515338,,
2015-02-27,18.19,2.254,3.3745,0.02123026113249038,60.42944785276073,95.0920245398773,24.539877300613497,88.03680981595093,35.214723926380366,77.76073619631902,70.61656441717791,,
2015-03-31,21.34,2.543,3.6483,0.010377356138706655,88.34355828220859,98.15950920245399,2.4539877300613497,89.2638036809816,49.171779141104295,93.25153374233129,84.92638036809817,,
2015-04-30,24.94,2.878,3.3503,0.006593230954290298,98.77300613496932,98.77300613496932,1.8404907975460123,89.50920245398774,54.38650306748466,98.77300613496932,87.85889570552148,,
2015-05-29,27.14,3.132,3.5954,0.0008919837877671352,100.0,100.0,0.6134969325153374,90.0,55.0,100.0,88.8159509202454,,
2015-06-30,25.44,2.999,3.5976,0.003332176100628928,99.38650306748467,99.38650306748467,1.2269938650306749,89.75460122699387,54.693251533742334,99.38650306748467,88.33742331288344,,
2015-07-31,21.44,2.536,3.4752,0.011889791044776117,90.1840490797546,97.54601226993866,3.6809815950920246,89.01840490797547,50.0920245398773,93.86503067484662,84.87730061349694,,
2015-08-31,18.37,2.137,3.3252,0.02118458138268916,64.41717791411043,93.25153374233128,23.92638036809816,87.30061349693251,37.20858895705521,78.83435582822085,71.37423312883435,,
2015-09-30,17.62,2.044,3.2362,0.024391688989784333,52.14723926380368,87.11656441717791,32.515337423312886,84.84662576687117,31.07361963190184,69.6319018404908,64.31901840490798,,
2015-10-30,20.43,2.268,3.06,0.018347626040137052,80.98159509202453,95.70552147239265,19.018404907975462,88.28220858895706,45.49079754601227,88.34355828220859,77.5521472392638,,
2015-11-30,21.43,2.346,3.0404,0.016259555762949136,89.57055214723927,96.31901840490798,14.723926380368098,88.52760736196319,49.785276073619634,92.94478527607362,81.12883435582823,,
2015-12-31,23.12,2.493,2.8212,0.015040595155709338,98.15950920245399,96.93251533742331,11.65644171779141,88.77300613496934,54.079754601226995,97.54601226993864,84.33742331288344,,
2016-01-29,17.56,1.871,2.8419,0.028528608200455587,51.533742331288344,65.33742331288343,45.39877300613497,76.13496932515338,30.766871165644172,58.43558282208589,55.29141104294479,,
2016-02-29,17.22,1.825,2.8502,0.02957000929152149,46.62576687116564,60.122699386503065,49.693251533742334,74.04907975460122,28.31288343558282,53.37423312883435,51.576687116564415,,
2016-03-31,19.51,2.037,2.8419,0.02283676627370579,70.85889570552148,84.66257668711657,30.67484662576687,83.86503067484662,40.42944785276074,77.76073619631902,68.9846625766871,,
2016-04-29,19.7,1.972,2.8913,0.021848421319796953,72.69938650306749,79.14110429447852,27.607361963190186,81.65644171779141,41.34969325153374,75.920245398773,69.09509202453987,,
2016-05-31,19.74,1.967,2.9851,0.02080756129685917,74.84662576687117,78.52760736196319,22.699386503067483,81.41104294478528,42.423312883435585,76.68711656441718,70.96319018404908,,
2016-06-30,19.86,2.042,2.8411,0.021941467270896277,76.07361963190185,86.50306748466258,28.22085889570552,84.60122699386503,43.036809815950924,81.28834355828221,71.4478527607362,,
2016-07-29,20.17,2.041,2.7768,0.02181058205255329,79.75460122699386,85.88957055214725,26.993865030674847,84.35582822085891,44.87730061349693,82.82208588957056,72.59509202453988,,
2016-08-31,21.31,2.069,2.7425,0.01950132566870014,87.73006134969326,88.95705521472392,20.245398773006134,85.58282208588957,48.86503067484663,88.34355828220859,77.31901840490798,,
2016-09-30,20.99,2.026,2.7258,0.020383734159123392,82.82208588957054,83.43558282208589,21.472392638036812,83.37423312883436,46.41104294478527,83.12883435582822,74.45398773006136,,
2016-10-31,20.81,2.021,2.7425,0.02062882027871216,81.59509202453987,81.90184049079755,22.085889570552148,82.76073619631902,45.79754601226993,81.74846625766871,73.61042944785275,,
2016-11-30,21.67,2.099,2.9502,0.016644746654360866,95.70552147239265,92.63803680981594,15.337423312883436,87.05521472392638,52.85276073619632,94.1717791411043,81.63190184049081,,
2016-12-30,20.97,2.017,3.0115,0.017572172150691467,82.20858895705521,80.98159509202453,17.791411042944784,82.39263803680981,46.104294478527606,81.59509202453987,74.84049079754601,,
2017-01-26,21.24,2.022,3.3465,0.013615979284369126,86.1963190184049,82.82208588957054,6.134969325153374,83.12883435582822,48.09815950920245,84.50920245398773,79.75766871165645,,
2017-02-28,21.46,2.072,3.2921,0.013677322460391425,90.79754601226993,89.57055214723927,6.748466257668712,85.82822085889572,50.39877300613497,90.1840490797546,82.2760736196319,,
2017-03-31,21.0,2.039,3.2828,0.01479104761904762,83.43558282208589,85.2760736196319,10.429447852760736,84.11042944785277,46.717791411042946,84.3558282208589,78.34355828220859,,
2017-04-28,19.7,1.964,3.4668,0.01609342131979695,72.69938650306749,77.60736196319019,14.11042944785276,81.04294478527608,41.34969325153374,75.15337423312883,72.79141104294479,,
2017-05-31,19.18,1.927,3.6102,0.016035643378519294,67.48466257668711,73.61963190184049,13.496932515337424,79.4478527607362,38.74233128834356,70.5521472392638,70.75460122699387,,
2017-06-30,19.73,2.051,3.5683,0.015001237202230108,74.23312883435584,88.34355828220859,11.042944785276074,85.33742331288343,42.11656441717792,81.28834355828221,76.56441717791411,,
2017-07-31,20.0,2.073,3.626,0.013740000000000002,77.30061349693251,90.1840490797546,7.975460122699387,86.07361963190183,43.65030674846626,83.74233128834356,78.67484662576686,,
2017-08-31,19.99,2.074,3.6265,0.013760012506253132,76.68711656441718,90.79754601226993,8.588957055214724,86.31901840490798,43.34355828220859,83.74233128834356,78.47852760736195,,
2017-09-29,20.14,2.085,3.6136,0.013516432969215487,79.14110429447852,92.02453987730061,5.521472392638037,86.80981595092024,44.57055214723926,85.58282208588957,80.29447852760737,,
2017-10-31,19.51,2.048,3.8917,0.012338766273705788,70.85889570552148,87.73006134969326,4.294478527607362,85.09202453987731,40.42944785276074,79.29447852760737,77.6042944785276,,
2017-11-30,19.0,1.989,3.8901,0.01373057894736842,66.87116564417178,80.3680981595092,7.361963190184049,82.14723926380368,38.43558282208589,73.61963190184049,73.99386503067485,,
2017-12-29,19.39,2.021,3.8807,0.01276597576070139,69.32515337423312,81.90184049079755,4.9079754601226995,82.76073619631902,39.66257668711656,75.61349693251535,75.6963190184049,,
2018-01-31,20.06,2.081,3.914,0.01071044865403789,77.91411042944786,91.41104294478528,3.067484662576687,86.56441717791412,43.95705521472393,84.66257668711657,80.58282208588957,,
2018-02-28,18.93,1.964,3.8202,0.014624201796090863,66.25766871165644,77.60736196319019,9.202453987730062,81.04294478527608,38.12883435582822,71.93251533742331,72.65337423312883,,
2018-03-30,18.25,1.919,3.7407,0.017387520547945207,61.963190184049076,71.77914110429448,17.177914110429448,78.71165644171779,35.981595092024534,66.87116564417178,67.84662576687117,,
2018-04-27,17.35,1.839,3.6364,0.021272887608069162,48.15950920245399,61.963190184049076,25.766871165644172,74.78527607361963,29.079754601226995,55.06134969325153,59.56134969325153,,
2018-05-31,17.13,1.841,3.6129,0.022248116170461185,44.785276073619634,62.57668711656442,28.834355828220858,75.03067484662577,27.392638036809817,53.68098159509203,57.938650306748464,,
2018-06-29,15.52,1.723,3.4756,0.029676989690721654,22.085889570552148,50.306748466257666,50.306748466257666,70.12269938650307,16.042944785276074,36.19631901840491,43.0,,
2018-07-31,15.54,1.719,3.4812,0.029538064350064355,22.699386503067483,49.693251533742334,49.079754601226995,69.87730061349694,16.349693251533743,36.19631901840491,43.380368098159515,,
2018-08-31,14.2,1.583,3.5751,0.03467153521126761,15.337423312883436,27.607361963190186,70.5521472392638,61.04294478527608,12.668711656441719,21.472392638036812,30.018404907975466,,
2018-09-28,14.55,1.622,3.6153,0.032575522336769754,17.177914110429448,35.58282208588957,60.73619631901841,64.23312883435582,13.588957055214724,26.380368098159508,35.257668711656436,,
2018-10-31,13.26,1.444,3.5086,0.040328781297134235,11.042944785276074,7.361963190184049,89.57055214723927,52.94478527607362,10.521472392638037,9.202453987730062,18.582822085889568,,
2018-11-30,13.33,1.451,3.355,0.04146875468867217,11.65644171779141,8.895705521472392,93.25153374233128,53.558282208588956,10.828220858895705,10.276073619631902,17.98466257668712,,
2018-12-28,12.89,1.407,3.2315,0.04526451900698215,9.202453987730062,3.067484662576687,98.77300613496932,51.22699386503068,9.60122699386503,6.134969325153374,14.374233128834359,,
2019-01-31,13.37,1.437,3.1037,0.043757315632011975,12.269938650306749,6.134969325153374,95.70552147239265,52.45398773006135,11.134969325153374,9.202453987730062,16.76687116564417,,
2019-02-28,16.11,1.657,3.1731,0.03034224643078834,28.22085889570552,41.717791411042946,53.37423312883436,66.68711656441718,19.11042944785276,34.96932515337423,41.63803680981595,,
2019-03-29,17.16,1.748,3.0683,0.027592058275058274,45.39877300613497,52.14723926380368,37.423312883435585,70.85889570552148,27.699386503067483,48.77300613496932,53.11656441717791,,
2019-04-30,17.47,1.694,3.3869,0.02337198454493418,50.306748466257666,47.239263803680984,31.28834355828221,68.8957055214724,30.153374233128833,48.77300613496932,55.055214723926376,,
2019-05-31,16.35,1.61,3.2751,0.028411079510703353,33.12883435582822,30.67484662576687,44.785276073619634,62.26993865030675,21.56441717791411,31.901840490797547,42.90184049079754,,
2019-06-28,16.38,1.689,3.2254,0.028796061050061057,33.74233128834356,45.70552147239264,46.012269938650306,68.28220858895706,21.87116564417178,39.7239263803681,46.144171779141104,,
2019-07-31,16.22,1.662,3.1552,0.030100281134401982,30.981595092024538,44.171779141104295,51.533742331288344,67.66871165644172,20.490797546012267,37.576687116564415,43.44478527607362,,
2019-08-30,15.8,1.612,3.0573,0.032718139240506317,24.539877300613497,31.28834355828221,61.34969325153374,62.515337423312886,17.26993865030675,27.914110429447852,35.92638036809816,,
2019-09-30,15.92,1.615,3.1411,0.031403070351758794,26.993865030674847,31.901840490797547,57.05521472392638,62.760736196319016,18.496932515337424,29.447852760736197,37.96932515337423,,
2019-10-31,15.86,1.595,3.288,0.030171702395964693,25.766871165644172,29.447852760736197,52.14723926380368,61.77914110429448,17.883435582822088,27.607361963190186,38.57055214723926,,
2019-11-29,15.6,1.568,3.165,0.03245256410256411,23.31288343558282,23.31288343558282,59.50920245398773,59.325153374233125,16.65644171779141,23.31288343558282,34.33742331288343,,
2019-12-31,16.76,1.689,3.1365,0.028300871121718377,39.57055214723926,45.70552147239264,44.171779141104295,68.28220858895706,24.78527607361963,42.63803680981595,48.15337423312883,,
2020-01-23,16.59,1.658,2.9932,0.030345275467148887,36.19631901840491,42.331288343558285,53.987730061349694,66.93251533742331,23.098159509202453,39.263803680981596,43.58895705521472,,
2020-02-28,16.32,1.634,2.7376,0.03389850980392156,32.515337423312886,38.34355828220859,68.09815950920245,65.33742331288343,21.257668711656443,35.42944785276074,37.518404907975466,,
2020-03-31,15.2,1.527,2.5899,0.03989047368421052,20.245398773006134,13.496932515337424,88.34355828220859,55.398773006134974,15.122699386503067,16.87116564417178,22.662576687116562,,
2020-04-30,17.35,1.58,2.538,0.03225688760806916,48.15950920245399,26.380368098159508,58.895705521472394,60.5521472392638,29.079754601226995,37.26993865030675,41.438650306748464,,
2020-05-29,17.36,1.595,2.7053,0.030550686635944704,49.079754601226995,29.447852760736197,54.601226993865026,61.77914110429448,29.539877300613497,39.263803680981596,43.66257668711657,,
2020-06-30,17.78,1.717,2.823,0.028012969628796396,55.828220858895705,49.079754601226995,41.717791411042946,69.6319018404908,32.91411042944785,52.45398773006135,53.730061349693244,,
2020-07-31,19.71,1.916,2.9664,0.021071667174023333,73.61963190184049,70.5521472392638,23.31288343558282,78.22085889570552,41.809815950920246,72.08588957055215,68.63803680981596,,
2020-08-31,21.24,1.928,3.0177,0.01690397928436912,86.1963190184049,74.23312883435584,16.56441717791411,79.69325153374234,48.09815950920245,80.21472392638037,74.65337423312884,,
2020-09-30,20.08,1.825,3.1482,0.018318796812749005,78.52760736196319,60.122699386503065,18.404907975460123,74.04907975460122,44.263803680981596,69.32515337423312,68.93865030674847,,
2020-10-30,19.44,1.811,3.181,0.019630329218106993,69.93865030674846,57.05521472392638,20.858895705521473,72.82208588957056,39.96932515337423,63.49693251533742,65.34969325153374,,
2020-11-30,20.3,1.865,3.25,0.01676108374384236,80.3680981595092,63.80368098159509,15.950920245398773,75.52147239263803,45.1840490797546,72.08588957055215,70.98159509202453,,
2020-12-31,21.26,1.944,3.1429,0.015607688617121356,87.11656441717791,76.07361963190185,12.883435582822086,80.42944785276075,48.558282208588956,81.59509202453988,76.41104294478528,,
2021-01-29,21.16,1.925,3.1786,0.015472979206049148,85.2760736196319,73.00613496932516,12.269938650306749,79.20245398773007,47.63803680981595,79.14110429447854,75.42944785276073,,
2021-02-26,21.07,1.918,3.2798,0.014662844803037492,84.66257668711657,71.16564417177914,9.815950920245399,78.46625766871165,47.331288343558285,77.91411042944785,75.58895705521472,,
2021-03-31,19.69,1.86,3.1887,0.018900201625190453,71.77914110429448,63.190184049079754,19.631901840490798,75.2760736196319,40.88957055214724,67.48466257668711,67.58895705521473,,
2021-04-30,18.04,1.836,3.164,0.02379237250554324,58.58895705521472,61.34969325153374,31.901840490797547,74.5398773006135,34.29447852760736,59.96932515337423,60.18711656441718,,
2021-05-31,18.9,1.947,3.045,0.022460052910052916,65.6441717791411,76.68711656441718,29.447852760736197,80.67484662576688,37.82208588957055,71.16564417177915,66.21472392638037,,
2021-06-30,19.22,2.028,3.0778,0.021251136316337155,68.09815950920245,84.04907975460122,25.153374233128833,83.61963190184049,39.04907975460122,76.07361963190183,69.80981595092024,,
2021-07-30,18.2,1.922,2.8363,0.026582054945054945,61.34969325153374,72.39263803680981,34.96932515337423,78.95705521472392,35.674846625766875,66.87116564417178,62.49693251533743,,
2021-08-31,17.65,1.934,2.845,0.028207223796034,53.987730061349694,74.84662576687117,43.558282208588956,79.93865030674847,31.993865030674847,64.41717791411043,58.644171779141104,,
2021-09-30,17.64,1.936,2.8776,0.02791334240362811,53.06748466257669,75.4601226993865,38.65030674846626,80.1840490797546,31.533742331288344,64.2638036809816,60.02760736196319,,
2021-10-29,17.72,1.895,2.9732,0.026701408577878113,54.601226993865026,69.01840490797547,35.58282208588957,77.60736196319019,32.30061349693251,61.809815950920246,59.84969325153374,,
2021-11-30,17.99,1.904,2.825,0.02733643690939411,57.05521472392638,69.93865030674846,36.809815950920246,77.97546012269939,33.52760736196319,63.49693251533742,60.30674846625767,,
2021-12-31,18.81,1.976,2.7754,0.025409211057947908,65.03067484662577,79.75460122699386,33.12883435582822,81.90184049079754,37.515337423312886,72.39263803680981,65.66257668711656,,
2022-01-28,17.17,1.782,2.7021,0.031220118229469997,46.012269938650306,53.37423312883436,56.44171779141104,71.34969325153375,28.006134969325153,49.693251533742334,47.84662576687117,,
2022-02-28,17.64,1.818,2.775,0.028939342403628113,53.06748466257669,58.58895705521472,47.239263803680984,73.43558282208589,31.533742331288344,55.828220858895705,53.57055214723927,,
2022-03-31,16.45,1.688,2.7878,0.032912273556231005,34.355828220858896,44.785276073619634,62.57668711656442,67.91411042944786,22.177914110429448,39.57055214723927,41.11656441717792,,
2022-04-29,15.32,1.544,2.8386,0.03688815143603132,20.858895705521473,17.791411042944784,77.91411042944786,57.11656441717791,15.429447852760736,19.32515337423313,26.93251533742331,,
2022-05-31,16.5,1.629,2.7426,0.03318006060606061,35.58282208588957,36.809815950920246,63.80368098159509,64.7239263803681,22.791411042944784,36.19631901840491,39.220858895705526,,
2022-06-30,17.49,1.786,2.8205,0.028970528873642085,50.920245398773,54.601226993865026,47.85276073619632,71.84049079754601,30.4601226993865,52.760736196319016,51.93251533742331,,
2022-07-29,16.84,1.714,2.756,0.03182242280285036,40.49079754601227,48.466257668711656,57.668711656441715,69.38650306748467,25.245398773006134,44.47852760736196,44.96932515337423,,
2022-08-31,16.48,1.638,2.6225,0.03445461165048544,34.96932515337423,39.263803680981596,69.93865030674846,65.70552147239263,22.484662576687114,37.11656441717791,37.79141104294479,,
2022-09-30,15.44,1.536,2.7601,0.03716583937823835,21.472392638036812,15.950920245398773,78.52760736196319,56.38036809815951,15.736196319018406,18.711656441717793,26.47852760736196,,
2022-10-31,14.95,1.442,2.6433,0.04045663210702341,19.018404907975462,6.748466257668712,90.1840490797546,52.69938650306749,14.509202453987731,12.883435582822088,20.25153374233129,,
2022-11-30,16.22,1.564,2.885,0.03280228113440198,30.981595092024538,22.085889570552148,61.963190184049076,58.83435582822086,20.490797546012267,26.533742331288344,35.236196319018404,,
2022-12-30,15.83,1.548,2.8353,0.03481819393556537,25.153374233128833,19.018404907975462,71.77914110429448,57.607361963190186,17.576687116564415,22.085889570552148,30.12883435582822,,
2023-01-31,16.9,1.633,2.8977,0.0301945976331361,41.717791411042946,37.423312883435585,52.760736196319016,64.96932515337423,25.858895705521473,39.57055214723927,44.20858895705521,,
2023-02-28,17.0,1.634,2.9017,0.029806529411764704,42.944785276073624,38.34355828220859,50.920245398773,65.33742331288343,26.472392638036812,40.644171779141104,45.27914110429448,,
2023-03-31,16.91,1.621,2.8528,0.030608605558840922,42.331288343558285,34.04907975460122,55.21472392638037,63.61963190184049,26.165644171779142,38.190184049079754,42.84969325153374,,
2023-04-28,17.11,1.621,2.7788,0.030657353594389244,44.171779141104295,34.04907975460122,55.828220858895705,63.61963190184049,27.085889570552148,39.11042944785276,43.125766871165645,,
2023-05-31,16.67,1.569,2.685,0.03313800239952009,38.036809815950924,24.539877300613497,63.190184049079754,59.8159509202454,24.018404907975462,31.28834355828221,37.196319018404914,,
2023-06-30,16.76,1.62,2.6351,0.033314871121718374,39.57055214723926,33.12883435582822,65.6441717791411,63.25153374233129,24.78527607361963,36.349693251533736,38.81901840490798,,
2023-07-31,17.1,1.655,2.6597,0.03188253216374269,43.558282208588956,41.104294478527606,58.282208588957054,66.44171779141104,26.779141104294478,42.331288343558285,43.85889570552147,,
2023-08-31,16.71,1.542,2.5575,0.034269404548174745,38.65030674846626,17.177914110429448,68.71165644171779,56.87116564417178,24.32515337423313,27.914110429447852,34.0,,
2023-09-28,16.6,1.534,2.6751,0.033489963855421676,36.809815950920246,15.337423312883436,66.87116564417178,56.13496932515338,23.404907975460123,26.073619631901842,33.668711656441715,,
2023-10-31,16.18,1.453,2.6938,0.03486669715698393,29.141104294478527,9.815950920245399,72.39263803680981,53.92638036809816,19.570552147239262,19.47852760736196,28.825153374233132,,
2023-11-30,16.2,1.456,2.668,0.035048395061728396,30.061349693251532,10.429447852760736,73.61963190184049,54.171779141104295,20.030674846625764,20.245398773006134,28.828220858895705,,
2023-12-29,16.18,1.451,2.5553,0.03625169715698393,29.141104294478527,8.895705521472392,76.07361963190185,53.558282208588956,19.570552147239262,19.01840490797546,27.509202453987726,,
2024-01-31,14.76,1.315,2.433,0.04342067750677508,18.098159509202453,0.6134969325153374,95.0920245398773,50.24539877300614,14.049079754601227,9.355828220858896,17.13803680981595,,
2024-02-29,16.05,1.422,2.3375,0.03893029595015576,27.607361963190186,3.6809815950920246,87.11656441717791,51.47239263803681,18.803680981595093,15.644171779141105,22.61349693251534,,
2024-03-29,16.28,1.431,2.2901,0.03852406142506142,31.901840490797547,4.601226993865031,85.88957055214725,51.84049079754601,20.950920245398773,18.25153374233129,24.26687116564417,,
2024-04-30,16.86,1.431,2.3028,0.03628398102016608,41.104294478527606,4.601226993865031,76.68711656441718,51.84049079754601,25.552147239263803,22.85276073619632,29.328220858895705,,
2024-05-31,16.63,1.432,2.2926,0.037206291040288636,37.423312883435585,5.521472392638037,79.14110429447852,52.20858895705521,23.711656441717793,21.472392638036812,27.883435582822088,,
2024-06-28,15.9,1.399,2.2058,0.04083508176100629,26.380368098159508,2.4539877300613497,92.63803680981594,50.98159509202454,18.190184049079754,14.417177914110429,20.368098159509202,,
2024-07-31,15.74,1.388,2.1494,0.04203840152477764,23.92638036809816,1.8404907975460123,93.86503067484662,50.736196319018404,16.963190184049083,12.883435582822088,19.245398773006137,,
2024-08-30,15.14,1.323,2.1704,0.04434619815059444,19.631901840490798,1.2269938650306749,96.93251533742331,50.49079754601227,14.815950920245399,10.429447852760736,17.11042944785276,,
2024-09-30,18.19,1.568,2.1518,0.033457261132490375,60.42944785276073,23.31288343558282,66.25766871165644,59.325153374233125,35.214723926380366,41.871165644171775,41.5920245398773,,
2024-10-31,17.92,1.532,2.1476,0.03432757142857142,56.44171779141104,14.417177914110429,69.32515337423312,55.766871165644176,33.22085889570552,35.42944785276073,37.62883435582822,,
2024-11-29,18.15,1.553,2.0206,0.03489041873278237,59.50920245398773,20.858895705521473,73.00613496932516,58.34355828220859,34.75460122699387,40.1840490797546,38.77300613496933,,
2024-12-31,18.28,1.57,1.6752,0.03795259518599563,62.57668711656442,25.153374233128833,84.04907975460122,60.061349693251536,36.28834355828221,43.86503067484663,37.21472392638037,,
2025-01-27,17.74,1.507,1.6299,0.04007078579481399,55.21472392638037,12.269938650306749,88.95705521472392,54.9079754601227,32.607361963190186,33.742331288343564,30.93865030674847,,
2025-02-28,18.32,1.55,1.7152,0.03743315283842795,63.80368098159509,20.245398773006134,80.98159509202453,58.09815950920245,36.90184049079755,42.02453987730061,37.312883435582826,,
2025-03-31,18.01,1.547,1.8129,0.03739570849528039,57.668711656441715,18.404907975460123,80.3680981595092,57.36196319018405,33.83435582822086,38.03680981595092,35.5398773006135,,
2025-04-30,18.04,1.493,1.6243,0.03918937250554324,58.58895705521472,11.65644171779141,87.73006134969326,54.66257668711656,34.29447852760736,35.122699386503065,32.009202453987726,,
2025-05-30,18.31,1.54,1.6712,0.037902964500273084,63.190184049079754,16.56441717791411,83.43558282208589,56.625766871165645,36.59509202453988,39.87730061349693,35.57668711656442,,
2025-06-30,19.27,1.622,1.6469,0.03542513596263622,68.71165644171779,35.58282208588957,74.84662576687117,64.23312883435582,39.355828220858896,52.147239263803684,43.9079754601227,,
2025-07-31,19.78,1.661,1.7044,0.033512117290192114,75.4601226993865,43.558282208588956,67.48466257668711,67.42331288343559,42.73006134969325,59.509202453987726,49.63803680981595,,
2025-08-29,21.49,1.789,1.8379,0.02815427128897162,91.41104294478528,55.21472392638037,42.944785276073624,72.08588957055215,50.70552147239264,73.31288343558282,63.66871165644172,,
2025-09-30,21.77,1.799,1.8605,0.02732977262287552,96.31901840490798,56.44171779141104,36.19631901840491,72.57668711656441,53.15950920245399,76.38036809815951,67.20245398773007,,
2025-10-31,21.36,1.785,1.7954,0.028862479400749066,88.95705521472392,53.987730061349694,46.62576687116564,71.59509202453988,49.47852760736196,71.47239263803681,61.66871165644173,,
2025-11-28,21.02,1.759,1.8412,0.029161739295908665,84.04907975460122,52.760736196319016,48.466257668711656,71.1042944785276,47.02453987730061,68.40490797546012,59.60736196319017,,
2025-12-31,21.61,1.812,1.8473,0.027801872744099957,92.63803680981594,57.668711656441715,38.036809815950924,73.06748466257669,51.31901840490797,75.15337423312883,66.0122699386503,,
2026-01-30,22.53,1.871,1.8112,0.026273264092321346,96.93251533742331,65.33742331288343,34.355828220858896,76.13496932515338,53.466257668711656,81.13496932515338,69.95398773006134,,
2026-02-27,22.87,1.895,1.7877,0.025848404459991255,97.54601226993866,69.01840490797547,33.74233128834356,77.60736196319019,53.77300613496933,83.28220858895706,71.13803680981596,,
2026-03-25,21.59,1.795,1.8233,0.028084739694302918,92.02453987730061,55.828220858895705,42.331288343558285,72.33128834355828,51.012269938650306,73.92638036809817,64.14723926380368,,
2026-03-27,21.66,1.883,1.8172,0.02799605170821791,94.1717791411043,68.09815950920245,41.104294478527606,77.23926380368098,13.7,81.13496932515338,60.197055214723925,50.0,13.7
2026-04-03,21.66,1.88,1.8199,0.02796905170821791,94.1717791411043,66.87116564417178,39.87730061349693,76.74846625766871,13.7,80.52147239263803,60.28294478527607,,13.7
2026-04-04,21.66,1.88,1.8199,0.02796905170821791,94.1717791411043,66.87116564417178,39.87730061349693,76.74846625766871,13.7,80.52147239263803,60.28294478527607,,13.7
2026-04-05,21.66,1.88,1.8199,0.02796905170821791,94.1717791411043,66.87116564417178,39.87730061349693,76.74846625766871,13.7,80.52147239263803,60.28294478527607,,13.7
